Project,Rank,Method,Count,Tests
"jcodec","1","org.jcodec.codecs.h264.decode.deblock.DeblockingFilter.filterBs(int,int,int,byte[],byte[],int,int,int,int,int,int,boolean)","1077","org.jcodec.api.FrameGrabTest.testFrameGrab [],org.jcodec.api.Issue136Test.testFrameGrabDoesNotThrowException [],org.jcodec.api.Issue180Test.testFrameGrabDoesNotThrowException [],org.jcodec.api.Issue379H264LTRTest.testFrameGrabCanExtractOrientation [],org.jcodec.api.Issue383Test.testFrameGrabCanExtractOrientation [],org.jcodec.api.TranscoderTest.testCanFilterVideoAndCopyAudio [],org.jcodec.codecs.h264.H264EncoderTest.testEncodeDecode [],org.jcodec.codecs.h264.MBlock8x8Test.testMBlockCABACStrict1 [],org.jcodec.codecs.h264.MBlock8x8Test.testMBlockCABACStrict2 [],org.jcodec.codecs.h264.MBlock8x8Test.testMBlockCABACStrict3 [],org.jcodec.codecs.h264.MBlock8x8Test.testMBlockCABACStrict4 [],org.jcodec.codecs.h264.MBlock8x8Test.testMBlockCAVLCStrict2 [],org.jcodec.codecs.h264.MBlock8x8Test.testMBlockCAVLCStrict3 [],org.jcodec.codecs.h264.MBlock8x8Test.testMBlockCAVLCStrict4 [],org.jcodec.codecs.h264.MacroblockBiDecodingTest.testB16x16CABAC [],org.jcodec.codecs.h264.MacroblockBiDecodingTest.testB16x8CABAC [],org.jcodec.codecs.h264.MacroblockBiDecodingTest.testB4x8CABAC [],org.jcodec.codecs.h264.MacroblockBiDecodingTest.testB8x16CAVLC [],org.jcodec.codecs.h264.MacroblockBiDecodingTest.testB8x4CAVLC [],org.jcodec.codecs.h264.MacroblockBiDecodingTest.testB8x8CAVLC [],org.jcodec.codecs.h264.MacroblockBiDecodingTest.testSpatialDirect [],org.jcodec.codecs.h264.MacroblockI16x16DecodingTest.testMBlockCABAC3 [],org.jcodec.codecs.h264.MacroblockINxNDecodingTest.testMBlockCABAC4 [],org.jcodec.codecs.h264.MacroblockINxNDecodingTest.testMBlockCAVLC3 [],org.jcodec.codecs.h264.MacroblockIntraMixedDecodingTest.testMBlockCABAC3 [],org.jcodec.codecs.h264.MacroblockIntraMixedDecodingTest.testMBlockCAVLC4 [],org.jcodec.codecs.h264.MacroblockIntraMixedDecodingTest.testMBlockShit [],org.jcodec.codecs.h264.ScalingListTest.testScalingList [],org.jcodec.codecs.h264.conformance.ConformanceTest.testMp4Container [],org.jcodec.codecs.h264.conformance.ConformanceTest.testNoContainer []"
"jcodec","2","org.jcodec.codecs.h264.encode.MotionEstimator.estimateQPix(Picture,byte[],int[],int,int)","482","org.jcodec.api.SequenceEncoderTest.testRuns [],org.jcodec.api.TranscoderTest.testCanFilterVideoAndCopyAudio [],org.jcodec.codecs.h264.H264EncoderTest.testEncodeDecode [],org.jcodec.codecs.h264.encode.MotionEstimatorTest.testMotionEstimator []"
"jcodec","3","org.jcodec.codecs.h264.encode.MBEncoderHelper.takeSafe(byte[],int,int,int,int,byte[],int,int)","453","org.jcodec.api.SequenceEncoderTest.testRuns [],org.jcodec.api.TranscoderTest.testCanFilterVideoAndCopyAudio [],org.jcodec.codecs.h264.H264EncoderTest.testBufferOverflowImage [],org.jcodec.codecs.h264.H264EncoderTest.testEncodeDecode [],org.jcodec.codecs.h264.H264EncoderTest.testEncodeYuv420J [],org.jcodec.codecs.h264.encode.IntraPredEstimatorTest.testLumaPred4x4 [],org.jcodec.codecs.h264.encode.MotionEstimatorTest.testMotionEstimator []"
"jcodec","4","org.jcodec.codecs.h264.encode.IntraPredEstimator.getLumaPred4x4(Picture,EncodingContext,int,int,int)","444","org.jcodec.api.SequenceEncoderTest.testRuns [],org.jcodec.api.TranscoderTest.testCanFilterVideoAndCopyAudio [],org.jcodec.codecs.h264.H264EncoderTest.testBufferOverflowImage [],org.jcodec.codecs.h264.H264EncoderTest.testEncodeDecode [],org.jcodec.codecs.h264.H264EncoderTest.testEncodeYuv420J [],org.jcodec.codecs.h264.encode.IntraPredEstimatorTest.testLumaPred4x4 []"
"jcodec","5","org.jcodec.codecs.h264.decode.deblock.DeblockingFilter.filterBlockEdgeHoris(Picture,int,int,int,int,int,int,int)","443","org.jcodec.api.FrameGrabTest.testFrameGrab [],org.jcodec.api.Issue136Test.testFrameGrabDoesNotThrowException [],org.jcodec.api.Issue180Test.testFrameGrabDoesNotThrowException [],org.jcodec.api.Issue379H264LTRTest.testFrameGrabCanExtractOrientation [],org.jcodec.api.Issue383Test.testFrameGrabCanExtractOrientation [],org.jcodec.api.TranscoderTest.testCanFilterVideoAndCopyAudio [],org.jcodec.codecs.h264.H264EncoderTest.testEncodeDecode [],org.jcodec.codecs.h264.MBlock8x8Test.testMBlockCABACStrict3 [],org.jcodec.codecs.h264.MacroblockBiDecodingTest.testB16x8CABAC [],org.jcodec.codecs.h264.MacroblockBiDecodingTest.testB8x8CABAC [],org.jcodec.codecs.h264.MacroblockBiDecodingTest.testBiDirectSpatialNoInference [],org.jcodec.codecs.h264.MacroblockBiDecodingTest.testLongTermCABAC [],org.jcodec.codecs.h264.MacroblockBiDecodingTest.testMixedBiRefCAVLC [],org.jcodec.codecs.h264.MacroblockINxNDecodingTest.testMBlockCAVLC3 [],org.jcodec.codecs.h264.MacroblockIntraMixedDecodingTest.testMBlockCABAC3 [],org.jcodec.codecs.h264.MacroblockIntraMixedDecodingTest.testMBlockCAVLC1 [],org.jcodec.codecs.h264.MacroblockIntraMixedDecodingTest.testMBlockShit [],org.jcodec.codecs.h264.ScalingListTest.testScalingList [],org.jcodec.codecs.h264.conformance.ConformanceTest.testMp4Container [],org.jcodec.codecs.h264.conformance.ConformanceTest.testNoContainer []"
"jcodec","6","org.jcodec.codecs.h264.decode.deblock.DeblockingFilter.filterBlockEdgeVert(Picture,int,int,int,int,int,int,int)","441","org.jcodec.api.FrameGrabTest.testFrameGrab [],org.jcodec.api.Issue136Test.testFrameGrabDoesNotThrowException [],org.jcodec.api.Issue180Test.testFrameGrabDoesNotThrowException [],org.jcodec.api.Issue379H264LTRTest.testFrameGrabCanExtractOrientation [],org.jcodec.api.Issue383Test.testFrameGrabCanExtractOrientation [],org.jcodec.api.TranscoderTest.testCanFilterVideoAndCopyAudio [],org.jcodec.codecs.h264.H264EncoderTest.testEncodeDecode [],org.jcodec.codecs.h264.MBlock8x8Test.testMBlockCAVLCStrict4 [],org.jcodec.codecs.h264.MacroblockBiDecodingTest.testB8x16CABAC [],org.jcodec.codecs.h264.MacroblockBiDecodingTest.testBiDirectSpatialNoInferenceCAVLC [],org.jcodec.codecs.h264.MacroblockBiDecodingTest.testLongTermCABAC [],org.jcodec.codecs.h264.MacroblockIntraMixedDecodingTest.testMBlockCAVLC4 [],org.jcodec.codecs.h264.MacroblockIntraMixedDecodingTest.testMBlockShit [],org.jcodec.codecs.h264.ScalingListTest.testScalingList [],org.jcodec.codecs.h264.conformance.ConformanceTest.testMp4Container [],org.jcodec.codecs.h264.conformance.ConformanceTest.testNoContainer []"
"jcodec","7","org.jcodec.codecs.h264.decode.deblock.DeblockingFilter.filterBs4(int,int,byte[],byte[],int,int,int,int,int,int,int,int,boolean)","275","org.jcodec.api.FrameGrabTest.testFrameGrab [],org.jcodec.api.Issue136Test.testFrameGrabDoesNotThrowException [],org.jcodec.api.Issue180Test.testFrameGrabDoesNotThrowException [],org.jcodec.api.Issue379H264LTRTest.testFrameGrabCanExtractOrientation [],org.jcodec.api.Issue383Test.testFrameGrabCanExtractOrientation [],org.jcodec.api.TranscoderTest.testCanFilterVideoAndCopyAudio [],org.jcodec.codecs.h264.H264EncoderTest.testEncodeDecode [],org.jcodec.codecs.h264.MBlock8x8Test.testMBlockCABACStrict1 [],org.jcodec.codecs.h264.MBlock8x8Test.testMBlockCAVLCStrict3 [],org.jcodec.codecs.h264.MacroblockBiDecodingTest.testB16x8CABAC [],org.jcodec.codecs.h264.MacroblockBiDecodingTest.testB8x4CABAC [],org.jcodec.codecs.h264.MacroblockBiDecodingTest.testMixedBiRef [],org.jcodec.codecs.h264.MacroblockInterDecodingTest.testMBlockCAVLC1 [],org.jcodec.codecs.h264.MacroblockIntraMixedDecodingTest.testMBlockCABAC1 [],org.jcodec.codecs.h264.MacroblockIntraMixedDecodingTest.testMBlockCABAC3 [],org.jcodec.codecs.h264.MacroblockIntraMixedDecodingTest.testMBlockCAVLC1 [],org.jcodec.codecs.h264.MacroblockIntraMixedDecodingTest.testMBlockCAVLC2 [],org.jcodec.codecs.h264.MacroblockIntraMixedDecodingTest.testMBlockCAVLC3 [],org.jcodec.codecs.h264.MacroblockIntraMixedDecodingTest.testMBlockShit [],org.jcodec.codecs.h264.ScalingListTest.testScalingList [],org.jcodec.codecs.h264.conformance.ConformanceTest.testMp4Container [],org.jcodec.codecs.h264.conformance.ConformanceTest.testNoContainer []"
"jcodec","8","org.jcodec.codecs.h264.decode.MBlockDecoderUtils.mergeResidual(Picture,int[][][],int[][],int[][])","251","org.jcodec.api.FrameGrabTest.testFrameGrab [],org.jcodec.api.Issue136Test.testFrameGrabDoesNotThrowException [],org.jcodec.api.Issue180Test.testFrameGrabDoesNotThrowException [],org.jcodec.api.Issue379H264LTRTest.testFrameGrabCanExtractOrientation [],org.jcodec.api.TranscoderTest.testCanFilterVideoAndCopyAudio [],org.jcodec.codecs.h264.H264EncoderTest.testEncodeDecode [],org.jcodec.codecs.h264.MacroblockBiDecodingTest.testB16x8CAVLC [],org.jcodec.codecs.h264.MacroblockBiDecodingTest.testB4x8CAVLC [],org.jcodec.codecs.h264.MacroblockBiDecodingTest.testBiDirectSpatialNoInference [],org.jcodec.codecs.h264.MacroblockInterDecodingTest.testMBlockCABAC2 [],org.jcodec.codecs.h264.MacroblockInterDecodingTest.testMBlockCAVLC1 [],org.jcodec.codecs.h264.conformance.ConformanceTest.testMp4Container [],org.jcodec.codecs.h264.conformance.ConformanceTest.testNoContainer []"
"jcodec","9","org.jcodec.scale.BaseResampler.resample(Picture,Picture)","246","org.jcodec.scale.ResamplerTest.testRandomBicubic [],org.jcodec.scale.ResamplerTest.testRandomLanczos []"
"jcodec","10","org.jcodec.common.model.Picture.getPlaneWidth(int)","234","org.jcodec.api.Issue180Test.testFrameGrabDoesNotThrowException [],org.jcodec.codecs.h264.MBlock8x8Test.testMBlockCABACStrict2 [],org.jcodec.codecs.h264.MBlock8x8Test.testMBlockCAVLCStrict4 [],org.jcodec.codecs.h264.MacroblockIntraMixedDecodingTest.testMBlockCAVLC3 [],org.jcodec.codecs.h264.conformance.ConformanceTest.testNoContainer [],org.jcodec.codecs.h264.encode.MBWriterI16x16Test.testGrad [],org.jcodec.codecs.h264.encode.MBWriterINxNTest.testGrad [],org.jcodec.scale.ResamplerTest.testRandomBicubic [],org.jcodec.scale.ResamplerTest.testRandomLanczos []"
"jcodec","11","org.jcodec.codecs.h264.encode.MBEncoderHelper.takeExtendBorder(byte[],int,int,int,int,byte[],int,int)","224","org.jcodec.api.TranscoderTest.testCanFilterVideoAndCopyAudio [],org.jcodec.codecs.h264.H264EncoderTest.testBufferOverflowImage [],org.jcodec.codecs.h264.H264EncoderTest.testEncodeDecode [],org.jcodec.codecs.h264.H264EncoderTest.testEncodeYuv420J [],org.jcodec.codecs.h264.encode.IntraPredEstimatorTest.testLumaPred4x4 [],org.jcodec.codecs.h264.encode.MotionEstimatorTest.testMotionEstimator []"
"jcodec","12","org.jcodec.codecs.h264.decode.MBlockDecoderBase.residualLuma4x4(MBlock)","218","org.jcodec.api.FrameGrabTest.testFrameGrab [],org.jcodec.api.Issue136Test.testFrameGrabDoesNotThrowException [],org.jcodec.api.Issue180Test.testFrameGrabDoesNotThrowException [],org.jcodec.codecs.h264.MacroblockBiDecodingTest.testB4x8CAVLC [],org.jcodec.codecs.h264.ScalingListTest.testScalingList [],org.jcodec.codecs.h264.conformance.ConformanceTest.testMp4Container [],org.jcodec.codecs.h264.conformance.ConformanceTest.testNoContainer [],org.jcodec.codecs.h264.encode.MBWriterINxNTest.testGrad []"
"jcodec","13","org.jcodec.scale.RgbToYuv420j.transform(Picture,Picture)","218","org.jcodec.api.SequenceEncoderTest.testRuns [],org.jcodec.api.TranscoderTest.testCanFilterVideoAndCopyAudio [],org.jcodec.codecs.h264.H264EncoderTest.testBufferOverflowImage [],org.jcodec.scale.ResamplerTest.testRandomBicubic [],org.jcodec.scale.ResamplerTest.testRandomLanczos []"
"jcodec","14","org.jcodec.codecs.h264.decode.PredictionMerger.copyPrediction(byte[],int,int,int,int,byte[])","210","org.jcodec.api.FrameGrabTest.testFrameGrab [],org.jcodec.api.Issue136Test.testFrameGrabDoesNotThrowException [],org.jcodec.api.Issue180Test.testFrameGrabDoesNotThrowException [],org.jcodec.api.Issue379H264LTRTest.testFrameGrabCanExtractOrientation [],org.jcodec.codecs.h264.H264EncoderTest.testEncodeDecode [],org.jcodec.codecs.h264.MacroblockBiDecodingTest.testB4x4CABAC [],org.jcodec.codecs.h264.MacroblockInterDecodingTest.testMBlockCABAC2 []"
"jcodec","15","org.jcodec.common.io.BitReader.checkNBitDontCare(int)","208","org.jcodec.api.Issue136Test.testFrameGrabDoesNotThrowException [],org.jcodec.api.Issue180Test.testFrameGrabDoesNotThrowException [],org.jcodec.codecs.h264.ScalingListTest.testScalingList [],org.jcodec.codecs.mpeg4.MPEG4DecoderTest.testForemanPFrame []"
"jcodec","16","org.jcodec.codecs.h264.decode.MBlock.clear()","190","org.jcodec.api.FrameGrabTest.testFrameGrab [],org.jcodec.api.Issue136Test.testFrameGrabDoesNotThrowException [],org.jcodec.api.Issue180Test.testFrameGrabDoesNotThrowException [],org.jcodec.api.Issue379H264LTRTest.testFrameGrabCanExtractOrientation [],org.jcodec.api.Issue383Test.testFrameGrabCanExtractOrientation [],org.jcodec.api.TranscoderTest.testCanFilterVideoAndCopyAudio [],org.jcodec.codecs.h264.H264EncoderTest.testEncodeDecode [],org.jcodec.codecs.h264.MBlock8x8Test.testMBlockCAVLCStrict1 [],org.jcodec.codecs.h264.MBlock8x8Test.testMBlockCAVLCStrict3 [],org.jcodec.codecs.h264.MBlock8x8Test.testMBlockCAVLCStrict4 [],org.jcodec.codecs.h264.MacroblockInterDecodingTest.testMBlockCAVLC2 [],org.jcodec.codecs.h264.ScalingListTest.testScalingList [],org.jcodec.codecs.h264.conformance.ConformanceTest.testMp4Container [],org.jcodec.codecs.h264.conformance.ConformanceTest.testNoContainer []"
"jcodec","17","org.jcodec.codecs.h264.encode.MotionEstimator.sad(byte[],int,byte[],int,int)","155","org.jcodec.api.SequenceEncoderTest.testRuns [],org.jcodec.api.TranscoderTest.testCanFilterVideoAndCopyAudio [],org.jcodec.codecs.h264.H264EncoderTest.testEncodeDecode []"
"jcodec","18","org.jcodec.codecs.h264.decode.MBlockDecoderBase.predictChromaInter(Frame[][],MvList,int,int,int,Picture,PartPred[])","153","org.jcodec.api.FrameGrabTest.testFrameGrab [],org.jcodec.api.Issue136Test.testFrameGrabDoesNotThrowException [],org.jcodec.api.Issue180Test.testFrameGrabDoesNotThrowException [],org.jcodec.api.Issue379H264LTRTest.testFrameGrabCanExtractOrientation [],org.jcodec.api.TranscoderTest.testCanFilterVideoAndCopyAudio [],org.jcodec.codecs.h264.H264EncoderTest.testEncodeDecode [],org.jcodec.codecs.h264.MacroblockBiDecodingTest.testB8x8CAVLC [],org.jcodec.codecs.h264.conformance.ConformanceTest.testMp4Container [],org.jcodec.codecs.h264.conformance.ConformanceTest.testNoContainer []"
"jcodec","19","org.jcodec.common.io.VLC.readVLC(BitReader)","137","org.jcodec.api.Issue136Test.testFrameGrabDoesNotThrowException [],org.jcodec.api.Issue379H264LTRTest.testFrameGrabCanExtractOrientation [],org.jcodec.api.Issue383Test.testFrameGrabCanExtractOrientation [],org.jcodec.codecs.h264.ScalingListTest.testScalingList [],org.jcodec.codecs.h264.encode.MBWriterINxNTest.testChess [],org.jcodec.codecs.h264.encode.MBWriterINxNTest.testGrad []"
"jcodec","20","org.jcodec.codecs.h264.decode.deblock.DeblockingFilter.calcBsV(Picture,int,int[][])","125","org.jcodec.api.FrameGrabTest.testFrameGrab [],org.jcodec.api.Issue136Test.testFrameGrabDoesNotThrowException [],org.jcodec.api.Issue180Test.testFrameGrabDoesNotThrowException [],org.jcodec.api.Issue379H264LTRTest.testFrameGrabCanExtractOrientation [],org.jcodec.api.Issue383Test.testFrameGrabCanExtractOrientation [],org.jcodec.api.TranscoderTest.testCanFilterVideoAndCopyAudio [],org.jcodec.codecs.h264.H264EncoderTest.testEncodeDecode [],org.jcodec.codecs.h264.MacroblockBiDecodingTest.testB8x16CABAC [],org.jcodec.codecs.h264.MacroblockIntraMixedDecodingTest.testMBlockCABAC4 [],org.jcodec.codecs.h264.MacroblockIntraMixedDecodingTest.testMBlockShit [],org.jcodec.codecs.h264.ScalingListTest.testScalingList [],org.jcodec.codecs.h264.conformance.ConformanceTest.testMp4Container [],org.jcodec.codecs.h264.conformance.ConformanceTest.testNoContainer []"
"jcodec","21","org.jcodec.codecs.h264.decode.deblock.DeblockingFilter.calcBsH(Picture,int,int[][])","120","org.jcodec.api.FrameGrabTest.testFrameGrab [],org.jcodec.api.Issue136Test.testFrameGrabDoesNotThrowException [],org.jcodec.api.Issue180Test.testFrameGrabDoesNotThrowException [],org.jcodec.api.Issue383Test.testFrameGrabCanExtractOrientation [],org.jcodec.api.TranscoderTest.testCanFilterVideoAndCopyAudio [],org.jcodec.codecs.h264.H264EncoderTest.testEncodeDecode [],org.jcodec.codecs.h264.MacroblockIntraMixedDecodingTest.testMBlockCAVLC4 [],org.jcodec.codecs.h264.ScalingListTest.testScalingList [],org.jcodec.codecs.h264.conformance.ConformanceTest.testMp4Container [],org.jcodec.codecs.h264.conformance.ConformanceTest.testNoContainer []"
"jcodec","22","org.jcodec.containers.mps.MPSDemuxer.probe(ByteBuffer)","116","org.jcodec.api.FrameGrabTest.testFrameGrab [],org.jcodec.api.Issue136Test.testFrameGrabDoesNotThrowException [],org.jcodec.api.Issue180Test.testFrameGrabDoesNotThrowException [],org.jcodec.api.Issue379H264LTRTest.testFrameGrabCanExtractOrientation [],org.jcodec.api.Issue380Test.testFrameGrabCanExtractOrientation [],org.jcodec.api.Issue383Test.testFrameGrabCanExtractOrientation [],org.jcodec.api.Issue49Test.testFrameGrabCanExtractOrientation [],org.jcodec.movtool.MetadataEditorTest.testInplace [],org.jcodec.movtool.MetadataEditorTest.testKeyedRead [],org.jcodec.movtool.MetadataEditorTest.testKeyedWriteFast [],org.jcodec.movtool.MetadataEditorTest.testKeyedWriteSlow []"
"jcodec","23","org.jcodec.codecs.h264.decode.deblock.DeblockingFilter.calcBoundaryStrenth(boolean,boolean,boolean,int,int,int,int,int,int,int,int)","116","org.jcodec.api.FrameGrabTest.testFrameGrab [],org.jcodec.api.Issue136Test.testFrameGrabDoesNotThrowException [],org.jcodec.api.Issue180Test.testFrameGrabDoesNotThrowException [],org.jcodec.api.Issue379H264LTRTest.testFrameGrabCanExtractOrientation [],org.jcodec.api.Issue383Test.testFrameGrabCanExtractOrientation [],org.jcodec.api.TranscoderTest.testCanFilterVideoAndCopyAudio [],org.jcodec.codecs.h264.H264EncoderTest.testEncodeDecode [],org.jcodec.codecs.h264.MacroblockBiDecodingTest.testB4x4CABAC [],org.jcodec.codecs.h264.MacroblockBiDecodingTest.testB8x16CAVLC [],org.jcodec.codecs.h264.MacroblockBiDecodingTest.testMixedBiRef [],org.jcodec.codecs.h264.ScalingListTest.testScalingList [],org.jcodec.codecs.h264.conformance.ConformanceTest.testMp4Container [],org.jcodec.codecs.h264.conformance.ConformanceTest.testNoContainer []"
"jcodec","24","org.jcodec.codecs.h264.io.CAVLC.readCoeffs(BitReader,VLC,VLC[],int[],int,int,int[])","109","org.jcodec.api.Issue136Test.testFrameGrabDoesNotThrowException [],org.jcodec.api.Issue180Test.testFrameGrabDoesNotThrowException [],org.jcodec.api.Issue379H264LTRTest.testFrameGrabCanExtractOrientation [],org.jcodec.api.Issue383Test.testFrameGrabCanExtractOrientation [],org.jcodec.codecs.h264.H264EncoderTest.testEncodeDecode [],org.jcodec.codecs.h264.MBlock8x8Test.testMBlockCAVLCStrict2 [],org.jcodec.codecs.h264.ScalingListTest.testScalingList [],org.jcodec.codecs.h264.encode.MBWriterI16x16Test.testGrad [],org.jcodec.codecs.h264.encode.MBWriterINxNTest.testGrad []"
"jcodec","25","org.jcodec.codecs.h264.decode.MBlockDecoderBase.chromaAC(boolean,boolean,int,int,int[],int,int,MBType,boolean,int[][])","107","org.jcodec.api.FrameGrabTest.testFrameGrab [],org.jcodec.api.Issue136Test.testFrameGrabDoesNotThrowException [],org.jcodec.api.TranscoderTest.testCanFilterVideoAndCopyAudio [],org.jcodec.codecs.h264.conformance.ConformanceTest.testMp4Container [],org.jcodec.codecs.h264.encode.MBWriterI16x16Test.testGrad [],org.jcodec.codecs.h264.encode.MBWriterINxNTest.testChess [],org.jcodec.codecs.h264.encode.MBWriterINxNTest.testGrad []"
"jcodec","26","org.jcodec.codecs.h264.decode.CAVLCReader.readZeroBitCount(BitReader,String)","99","org.jcodec.api.Issue136Test.testFrameGrabDoesNotThrowException [],org.jcodec.api.Issue180Test.testFrameGrabDoesNotThrowException [],org.jcodec.codecs.h264.H264EncoderTest.testEncodeDecode [],org.jcodec.codecs.h264.MacroblockInterDecodingTest.testMBlockCAVLC1 [],org.jcodec.codecs.h264.ResidualBlockTest.testChromaAC3CAVLC [],org.jcodec.codecs.h264.ScalingListTest.testScalingList [],org.jcodec.codecs.h264.encode.MBWriterI16x16Test.testGrad [],org.jcodec.codecs.h264.encode.MBWriterINxNTest.testGrad []"
"jcodec","27","org.jcodec.codecs.h264.decode.BlockInterpolator.getLuma02(byte[],int,byte[],int,int,int,int,int,int)","96","org.jcodec.api.FrameGrabTest.testFrameGrab [],org.jcodec.api.Issue136Test.testFrameGrabDoesNotThrowException [],org.jcodec.api.Issue180Test.testFrameGrabDoesNotThrowException [],org.jcodec.api.TranscoderTest.testCanFilterVideoAndCopyAudio [],org.jcodec.codecs.h264.conformance.ConformanceTest.testMp4Container [],org.jcodec.codecs.h264.conformance.ConformanceTest.testNoContainer [],org.jcodec.codecs.h264.encode.MotionEstimatorTest.testMotionEstimator []"
"jcodec","28","org.jcodec.codecs.h264.decode.PredictionMerger.weight(byte[],int,int,int,int,int,int,int,byte[])","95","org.jcodec.api.FrameGrabTest.testFrameGrab [],org.jcodec.api.TranscoderTest.testCanFilterVideoAndCopyAudio [],org.jcodec.codecs.h264.conformance.ConformanceTest.testMp4Container [],org.jcodec.codecs.h264.conformance.ConformanceTest.testNoContainer []"
"jcodec","29","org.jcodec.codecs.h264.decode.MBlockDecoderIntra16x16.residualLumaI16x16(MBlock,boolean,boolean,int,int)","92","org.jcodec.api.Issue136Test.testFrameGrabDoesNotThrowException [],org.jcodec.api.Issue180Test.testFrameGrabDoesNotThrowException [],org.jcodec.codecs.h264.MacroblockIntraMixedDecodingTest.testMBlockCABAC4 [],org.jcodec.codecs.h264.MacroblockIntraMixedDecodingTest.testMBlockShit []"
"jcodec","30","org.jcodec.codecs.h264.decode.SliceDecoder.putMacroblock(Picture,Picture,int,int)","91","org.jcodec.api.FrameGrabTest.testFrameGrab [],org.jcodec.api.Issue136Test.testFrameGrabDoesNotThrowException [],org.jcodec.api.Issue180Test.testFrameGrabDoesNotThrowException [],org.jcodec.api.TranscoderTest.testCanFilterVideoAndCopyAudio [],org.jcodec.codecs.h264.conformance.ConformanceTest.testMp4Container [],org.jcodec.codecs.h264.conformance.ConformanceTest.testNoContainer []"
"jcodec","31","org.jcodec.common.io.VLC.invert(int,int,int,IntArrayList,IntArrayList)","86","org.jcodec.api.FrameGrabTest.testFrameGrab [],org.jcodec.api.Issue136Test.testFrameGrabDoesNotThrowException [],org.jcodec.api.Issue379H264LTRTest.testFrameGrabCanExtractOrientation [],org.jcodec.api.Issue380Test.testFrameGrabCanExtractOrientation [],org.jcodec.api.SequenceEncoderTest.testRuns [],org.jcodec.api.TranscoderTest.testCanFilterVideoAndCopyAudio [],org.jcodec.codecs.h264.H264EncoderTest.testEncodeDecode [],org.jcodec.codecs.h264.H264EncoderTest.testEncodeYuv420J [],org.jcodec.codecs.h264.Intra16x16PredictionBuilderTest.testHorizontal [],org.jcodec.codecs.h264.Intra16x16PredictionBuilderTest.testVertical [],org.jcodec.codecs.h264.MBlock8x8Test.testMBlockCABACStrict1 [],org.jcodec.codecs.h264.MBlock8x8Test.testMBlockCAVLCStrict3 [],org.jcodec.codecs.h264.MacroblockBiDecodingTest.testB16x16CAVLC [],org.jcodec.codecs.h264.MacroblockBiDecodingTest.testB16x8CAVLC [],org.jcodec.codecs.h264.MacroblockBiDecodingTest.testB4x4CABAC [],org.jcodec.codecs.h264.MacroblockBiDecodingTest.testB4x4CAVLC [],org.jcodec.codecs.h264.MacroblockBiDecodingTest.testB4x8CABAC [],org.jcodec.codecs.h264.MacroblockBiDecodingTest.testB8x16CABAC [],org.jcodec.codecs.h264.MacroblockBiDecodingTest.testB8x16CAVLC [],org.jcodec.codecs.h264.MacroblockBiDecodingTest.testB8x4CABAC [],org.jcodec.codecs.h264.MacroblockBiDecodingTest.testB8x8CABAC [],org.jcodec.codecs.h264.MacroblockBiDecodingTest.testBiDirectSpatialCAVLC [],org.jcodec.codecs.h264.MacroblockBiDecodingTest.testBiDirectSpatialNoInferenceCAVLC [],org.jcodec.codecs.h264.MacroblockBiDecodingTest.testLongTermCABAC [],org.jcodec.codecs.h264.MacroblockBiDecodingTest.testLongTermCAVLC [],org.jcodec.codecs.h264.MacroblockBiDecodingTest.testMixedBiRef [],org.jcodec.codecs.h264.MacroblockBiDecodingTest.testMixedBiRefCAVLC [],org.jcodec.codecs.h264.MacroblockBiDecodingTest.testSpatialDirect [],org.jcodec.codecs.h264.MacroblockI16x16DecodingTest.testMBlockCABAC1 [],org.jcodec.codecs.h264.MacroblockI16x16DecodingTest.testMBlockCABAC3 [],org.jcodec.codecs.h264.MacroblockI16x16DecodingTest.testMBlockCABAC4 [],org.jcodec.codecs.h264.MacroblockI16x16DecodingTest.testMBlockCABAC5 [],org.jcodec.codecs.h264.MacroblockI16x16DecodingTest.testMBlockCAVLC1 [],org.jcodec.codecs.h264.MacroblockI16x16DecodingTest.testMBlockCAVLC4 [],org.jcodec.codecs.h264.MacroblockINxNDecodingTest.testMBlockCABAC3 [],org.jcodec.codecs.h264.MacroblockINxNDecodingTest.testMBlockCABAC4 [],org.jcodec.codecs.h264.MacroblockINxNDecodingTest.testMBlockCABAC5 [],org.jcodec.codecs.h264.MacroblockINxNDecodingTest.testMBlockCAVLC [],org.jcodec.codecs.h264.MacroblockINxNDecodingTest.testMBlockCAVLC1 [],org.jcodec.codecs.h264.MacroblockINxNDecodingTest.testMBlockCAVLC3 [],org.jcodec.codecs.h264.MacroblockINxNDecodingTest.testMBlockCAVLC4 [],org.jcodec.codecs.h264.MacroblockInterDecodingTest.testMBlockCAVLC2 [],org.jcodec.codecs.h264.MacroblockIntraMixedDecodingTest.testMBlockCABAC1 [],org.jcodec.codecs.h264.MacroblockIntraMixedDecodingTest.testMBlockCABAC2 [],org.jcodec.codecs.h264.MacroblockIntraMixedDecodingTest.testMBlockCABAC3 [],org.jcodec.codecs.h264.MacroblockIntraMixedDecodingTest.testMBlockCABAC4 [],org.jcodec.codecs.h264.MacroblockIntraMixedDecodingTest.testMBlockCAVLC1 [],org.jcodec.codecs.h264.MacroblockIntraMixedDecodingTest.testMBlockCAVLC3 [],org.jcodec.codecs.h264.MacroblockIntraMixedDecodingTest.testMBlockCAVLC4 [],org.jcodec.codecs.h264.MacroblockIntraMixedDecodingTest.testMBlockShit [],org.jcodec.codecs.h264.ResidualBlockTest.testAC15CABAC [],org.jcodec.codecs.h264.ResidualBlockTest.testChromaDCCABAC [],org.jcodec.codecs.h264.ResidualBlockTest.testLuma1CAVLC [],org.jcodec.codecs.h264.ResidualBlockTest.testLuma3CAVLC [],org.jcodec.codecs.h264.ResidualBlockTest.testLumaCABAC [],org.jcodec.codecs.h264.ResidualBlockTest.testLumaDCCabac [],org.jcodec.codecs.h264.ScalingListTest.testScalingList [],org.jcodec.codecs.h264.conformance.ConformanceTest.testMp4Container [],org.jcodec.codecs.h264.conformance.ConformanceTest.testNoContainer [],org.jcodec.codecs.mpa.Mp3DecoderTest.testOneFile []"
"jcodec","32","org.jcodec.common.model.Picture.createCropped(int,int,ColorSpace,Rect)","86","org.jcodec.api.FrameGrabTest.testFrameGrab [],org.jcodec.api.Issue136Test.testFrameGrabDoesNotThrowException [],org.jcodec.api.TranscoderTest.testCanFilterVideoAndCopyAudio [],org.jcodec.codecs.h264.H264EncoderTest.testEncodeDecode [],org.jcodec.codecs.h264.H264EncoderTest.testEncodeYuv420J [],org.jcodec.codecs.h264.conformance.ConformanceTest.testMp4Container [],org.jcodec.codecs.h264.encode.IntraPredEstimatorTest.testLumaPred4x4 [],org.jcodec.codecs.h264.encode.MBWriterI16x16Test.testGrad [],org.jcodec.codecs.h264.encode.MBWriterINxNTest.testGrad []"
"jcodec","33","org.jcodec.codecs.h264.H264Utils.unescapeNAL(ByteBuffer)","84","org.jcodec.api.FrameGrabTest.testFrameGrab [],org.jcodec.api.Issue136Test.testFrameGrabDoesNotThrowException [],org.jcodec.api.Issue180Test.testFrameGrabDoesNotThrowException [],org.jcodec.api.Issue380Test.testFrameGrabCanExtractOrientation [],org.jcodec.api.Issue383Test.testFrameGrabCanExtractOrientation [],org.jcodec.api.TranscoderTest.testCanFilterVideoAndCopyAudio [],org.jcodec.codecs.h264.H264EncoderTest.testEncodeDecode [],org.jcodec.codecs.h264.MBlock8x8Test.testMBlockCABACStrict1 [],org.jcodec.codecs.h264.MBlock8x8Test.testMBlockCABACStrict2 [],org.jcodec.codecs.h264.MBlock8x8Test.testMBlockCAVLCStrict1 [],org.jcodec.codecs.h264.MacroblockIntraMixedDecodingTest.testMBlockCABAC2 [],org.jcodec.codecs.h264.MacroblockIntraMixedDecodingTest.testMBlockCAVLC2 [],org.jcodec.codecs.h264.MacroblockIntraMixedDecodingTest.testMBlockCAVLC3 [],org.jcodec.codecs.h264.MacroblockIntraMixedDecodingTest.testMBlockCAVLC4 [],org.jcodec.codecs.h264.ScalingListTest.testScalingList [],org.jcodec.codecs.h264.conformance.ConformanceTest.testMp4Container [],org.jcodec.codecs.h264.conformance.ConformanceTest.testNoContainer []"
"jcodec","34","org.jcodec.codecs.h264.decode.BlockInterpolator.getLuma20(byte[],int,byte[],int,int,int,int,int,int)","82","org.jcodec.api.FrameGrabTest.testFrameGrab [],org.jcodec.api.Issue136Test.testFrameGrabDoesNotThrowException [],org.jcodec.api.Issue180Test.testFrameGrabDoesNotThrowException [],org.jcodec.api.Issue379H264LTRTest.testFrameGrabCanExtractOrientation [],org.jcodec.api.TranscoderTest.testCanFilterVideoAndCopyAudio [],org.jcodec.codecs.h264.H264EncoderTest.testEncodeDecode [],org.jcodec.codecs.h264.conformance.ConformanceTest.testMp4Container []"
"jcodec","35","org.jcodec.containers.mp3.MPEGAudioDemuxer.skipJunkBB(int,ByteBuffer)","76","org.jcodec.api.FrameGrabTest.testFrameGrab [],org.jcodec.api.Issue180Test.testFrameGrabDoesNotThrowException [],org.jcodec.api.Issue379H264LTRTest.testFrameGrabCanExtractOrientation [],org.jcodec.api.Issue380Test.testFrameGrabCanExtractOrientation [],org.jcodec.api.Issue383Test.testFrameGrabCanExtractOrientation [],org.jcodec.api.Issue49Test.testFrameGrabCanExtractOrientation [],org.jcodec.movtool.MetadataEditorTest.testInplace [],org.jcodec.movtool.MetadataEditorTest.testItunesRead [],org.jcodec.movtool.MetadataEditorTest.testKeyedRead [],org.jcodec.movtool.MetadataEditorTest.testKeyedWriteFast [],org.jcodec.movtool.MetadataEditorTest.testKeyedWriteSlow []"
"jcodec","36","org.jcodec.codecs.h264.decode.Intra4x4PredictionBuilder.predictVertical(int[],boolean,byte[],int,int,int,byte[])","64","org.jcodec.api.FrameGrabTest.testFrameGrab [],org.jcodec.api.Issue136Test.testFrameGrabDoesNotThrowException [],org.jcodec.api.Issue180Test.testFrameGrabDoesNotThrowException [],org.jcodec.codecs.h264.conformance.ConformanceTest.testMp4Container [],org.jcodec.codecs.h264.encode.IntraPredEstimatorTest.testLumaPred4x4 [],org.jcodec.codecs.h264.encode.MBWriterINxNTest.testChess []"
"jcodec","37","org.jcodec.codecs.h264.decode.SliceDecoder.decodeMacroblocks(Frame[][])","63","org.jcodec.api.FrameGrabTest.testFrameGrab [],org.jcodec.api.Issue136Test.testFrameGrabDoesNotThrowException [],org.jcodec.api.Issue180Test.testFrameGrabDoesNotThrowException [],org.jcodec.api.Issue379H264LTRTest.testFrameGrabCanExtractOrientation [],org.jcodec.api.Issue383Test.testFrameGrabCanExtractOrientation [],org.jcodec.api.TranscoderTest.testCanFilterVideoAndCopyAudio [],org.jcodec.codecs.h264.H264EncoderTest.testEncodeDecode [],org.jcodec.codecs.h264.MacroblockBiDecodingTest.testLongTermCABAC [],org.jcodec.codecs.h264.MacroblockINxNDecodingTest.testMBlockCABAC1 [],org.jcodec.codecs.h264.MacroblockINxNDecodingTest.testMBlockCABAC5 [],org.jcodec.codecs.h264.MacroblockIntraMixedDecodingTest.testMBlockCABAC3 [],org.jcodec.codecs.h264.ScalingListTest.testScalingList [],org.jcodec.codecs.h264.conformance.ConformanceTest.testMp4Container [],org.jcodec.codecs.h264.conformance.ConformanceTest.testNoContainer []"
"jcodec","38","org.jcodec.containers.mxf.model.MXFMetadata.readDate(ByteBuffer)","60","org.jcodec.containers.mxf.MXFDemuxerTest.testMxfTimecode [],org.jcodec.containers.mxf.MXFDemuxerTest.testOneMore [],org.jcodec.containers.mxf.MXFDemuxerTest.testTimecodeWithOffset [],org.jcodec.containers.mxf.MXFDemuxerTest.testTimecodeWithOffset2 []"
"jcodec","39","org.jcodec.common.dct.DCTRef.fdct(int[],int)","57","org.jcodec.codecs.mpeg12.SparseIDCTTest.testSparseIDCT []"
